Model,R² Score,RMSE,MAE,MAPE (%)
Ridge Regression,0.8339226555104254,5.072773342004531,4.146231513579783,0.0758949297674381
Random Forest Regressor,0.6801217994948225,7.040160885839215,5.744032903923942,0.10772045948593091
